date,review,sentiment
2025-07-25 10:15:00,The noodles were absolutely delicious!,Positive
2025-07-29 14:45:00,The service was quite slow today.,Negative
2025-08-29 18:30:00,The ambiance was nice but the food was average.,Neutral
2025-08-29 12:10:00,Absolutely loved the dumplings and the service!,Positive
2025-08-30 19:10:00,Reasonable prices for the quality offered.,Neutral
2025-08-02 09:50:00,Highly recommended.,Positive
2025-08-02 10:30:00,Would not go back.,Negative
2025-08-02 11:45:00,I was disgusted because I was pretty sure that was human hair.,Negative
2025-08-02 13:37:11,Ample portions and good prices.,Positive
2025-08-02 14:20:00,"The menu had typical options; nothing unique.",Neutral
2025-08-02 15:25:00,The cocktails are all handmade and delicious.,Positive
2025-08-02 16:30:00,"Omelets are to die for!",Positive
2025-08-02 20:45:00,"Everything was fresh and delicious!",Positive
2025-08-03 10:37:12,"Will go back next trip out.",Positive
2025-08-03 11:50:00,"Nice, spicy and tender.",Positive
2025-08-03 13:30:00,"The management is rude.",Negative
2025-08-03 20:05:00,"Always a great time at SteamNoodes!",Positive
2025-08-04 08:15:00,"The service was meh.",Negative
2025-08-04 11:05:00,"We'll never go again.",Negative
2025-08-04 19:30:00,"We are so glad we found this place".,Positive
2025-08-04 12:25:00,"The ramen broth was rich and flavorful.",Positive
2025-08-05 20:05:00,"The soup was too salty for my taste.",Negative
2025-08-06 18:15:00,"The music was too loudso hard to have a conversation.",Negative
2025-08-06 09:30:00,"Great portion sizes and very fresh ingredients.",Positive
2025-08-06 14:20:00,"Food was okay, but nothing special.",Neutral
2025-08-06 20:45:00,"The dessert menu was fantastic!",Positive
2025-08-08 11:05:00,"Waited over 30 minutes for my order.",Negative
2025-08-08 15:37:12,"I could care less... The interior is just beautiful.",Positive
2025-08-08 19:50:00,"Staff was polite and welcoming.",Positive
2025-08-09 13:30:00,"The table was not clean when we arrived.",Negative
2025-08-10 17:45:00,"Overcooked vegetables in my dish.",Negative
2025-08-15 17:29:56,The service was very slow yesterday.,Negative
2025-08-15 17:29:58,The foods are mouth watering.,Positive
